id;nombre;apellido;codigo;correo
1;Buckinghamshire;Atún 5th Implementación;models web-enabled Plástico;vía Corporativo
2;Gorro;maximize Distribuido Helena;Vasco Personal;Camiseta Bermuda
3;Cambridgeshire Sorprendente;B2B;Ergonómico Ergonómico value-added;generating
4;circuit;neural;Zapatos por Reducido;programming Identidad Salud
5;Account;PNG;Iranian;payment
6;withdrawal Aragón multitarea;dinámica;Facilitador Aragón;leverage Electrónica Vía
7;pixel optical;clicks-and-mortar;Personal;fritas
8;servidor;index;Investment;Dalasi estrategia
9;Irak;Verde Guapo utilización;Negro Loan panel;Parcela
10;estable Hogar deliver;Pelota soporte;invoice;SSL online
